{
  "#ace": "https://app.bench.co/reports/awaiting-category/expense",
  "#acr": "https://app.bench.co/reports/awaiting-category/revenue",
  "#ask": "Hey CLIENT,\n\nWe have finished processing your books for the month of MONTH and are ready to get your feedback. As well, we are currently testing out a new tool for helping you to categorize transactions more quickly and easily. All you have to do to use it is click on the following link:\n\nhttps://app.bench.co/categorize\n\nWhat you see after clicking this link is a brand new feature developed by the Bench product team to make categorizing transactions easier. It is however still in its first iteration, so we would really appreciate any feedback you have on it. Please be completely honest, no feelings will be hurt. I promise! \n\nAs always, please feel free to reach out with whatever questions you might have, or to book a time to talk on my calendar: https://calendly.com/bench-lucas-friesen\n\nThanks,\n\nLucas",
  "#atax1.1": "Hi [Client Name],\n\n\nTax season is coming up! Right now we have your books caught up to [Month], and to ensure your tax season goes smoothly, we need your help with the following: \n\n• Bank account\n• Loan\n• Payroll\n• Awaiting category transactions [Awaitings Link]\n• Unmatched receipts [Receipts Link]\n\nIn addition, please upload the following tax specific items to ensure we’ll be able to easily prepare your year-end tax package:\n\nInsert tax specific documents from list above\n\nYou can upload any documents here: [Upload Link]\n\nWe can always set up a time to go over the outstanding items on the phone if you’d like. I'd be happy to walk you through the last few months of bookkeeping and answer any questions that you may have. My Calendly link is: [Calendly Link]\n\nLooking forward to speaking to you soon!",
  "#atax1.2": "As we are almost at the end of 2016, with tax filings just a few months away, we’d also like to gather some tax specific documents to help prep your books:\n\n• Insert tax specific documents from list above\n\nYou can upload these to your account here: [Upload Link]\n\nIf you’d like to set up a call to review your books or ask any questions about preparing for tax season, please don’t hesitate to book in time on my calendar: [Calendly Link]\n\nLooking forward to speaking to you soon!",
  "#cal": "https://calendly.com/bench-lucas-friesen",
  "#cat": "https://app.bench.co/categorize",
  "#e": "lucas.friesen@bench.co",
  "#mtax1.1": "<span id=\"docs-internal-guid-8408253a-8dbe-f80d-1c12-a2b96f9150e8\"><p dir=\"ltr\" style=\"line-height:1.656;margin-top:0pt;margin-bottom:0pt;\"><span style=\"font-size: 13.3333px; font-family: Arial; background-color: rgb(255, 255, 255); vertical-align: baseline; white-space: pre-wrap;\">Hi</span><span style=\"font-size: 13.3333px; font-family: Arial; color: rgb(255, 0, 0); background-color: rgb(255, 255, 255); vertical-align: baseline; white-space: pre-wrap;\"> [Client Name]</span><span style=\"font-size: 13.3333px; font-family: Arial; color: rgb(106, 168, 79); background-color: rgb(255, 255, 255); vertical-align: baseline; white-space: pre-wrap;\">,</span></p><div dir=\"ltr\" style=\"line-height:1.656;margin-top:0pt;margin-bottom:0pt;\"><br></div><p dir=\"ltr\" style=\"line-height:1.656;margin-top:0pt;margin-bottom:0pt;\"><span style=\"font-size: 13.3333px; font-family: Arial; background-color: rgb(255, 255, 255); vertical-align: baseline; white-space: pre-wrap;\">Tax season is coming up! Right now we have your books caught up to </span><span style=\"font-size: 13.3333px; font-family: Arial; color: rgb(255, 0, 0); background-color: rgb(255, 255, 255); vertical-align: baseline; white-space: pre-wrap;\">[Month]</span><span style=\"font-size: 13.3333px; font-family: Arial; background-color: rgb(255, 255, 255); vertical-align: baseline; white-space: pre-wrap;\">, and to ensure your tax season goes smoothly, we need your help with the following: </span></p><div dir=\"ltr\" style=\"line-height:1.656;margin-top:0pt;margin-bottom:0pt;\"><br></div><ul style=\"margin-top:0pt;margin-bottom:0pt;\"><li dir=\"ltr\" style=\"list-style-type: disc; font-size: 14.6667px; font-family: Arial; background-color: rgb(255, 255, 255); vertical-align: baseline;\"><p dir=\"ltr\" style=\"line-height:1.38;margin-top:0pt;margin-bottom:0pt;\"><span style=\"font-size: 13.3333px; vertical-align: baseline; white-space: pre-wrap;\">Bank account</span></p></li><li dir=\"ltr\" style=\"list-style-type: disc; font-size: 14.6667px; font-family: Arial; background-color: rgb(255, 255, 255); vertical-align: baseline;\"><p dir=\"ltr\" style=\"line-height:1.38;margin-top:0pt;margin-bottom:0pt;\"><span style=\"font-size: 13.3333px; vertical-align: baseline; white-space: pre-wrap;\">Loan</span></p></li><li dir=\"ltr\" style=\"list-style-type: disc; font-size: 14.6667px; font-family: Arial; background-color: rgb(255, 255, 255); vertical-align: baseline;\"><p dir=\"ltr\" style=\"line-height:1.38;margin-top:0pt;margin-bottom:0pt;\"><span style=\"font-size: 13.3333px; vertical-align: baseline; white-space: pre-wrap;\">Payroll</span></p></li><li dir=\"ltr\" style=\"list-style-type: disc; font-size: 13.3333px; font-family: Arial; background-color: rgb(255, 255, 255); vertical-align: baseline;\"><p dir=\"ltr\" style=\"line-height:1.38;margin-top:0pt;margin-bottom:0pt;\"><span style=\"font-size: 13.3333px; vertical-align: baseline; white-space: pre-wrap;\">Awaiting category transactions</span><span style=\"font-size: 13.3333px; color: rgb(255, 0, 0); vertical-align: baseline; white-space: pre-wrap;\"> [Awaitings Link]</span></p></li><li dir=\"ltr\" style=\"list-style-type: disc; font-size: 13.3333px; font-family: Arial; background-color: rgb(255, 255, 255); vertical-align: baseline;\"><p dir=\"ltr\" style=\"line-height:1.38;margin-top:0pt;margin-bottom:0pt;\"><span style=\"font-size: 13.3333px; vertical-align: baseline; white-space: pre-wrap;\">Unmatched receipts </span><span style=\"font-size: 13.3333px; color: rgb(255, 0, 0); vertical-align: baseline; white-space: pre-wrap;\">[Receipts Link]</span></p></li></ul><div dir=\"ltr\" style=\"line-height:1.38;margin-top:0pt;margin-bottom:0pt;\"><br></div><p dir=\"ltr\" style=\"line-height:1.656;margin-top:0pt;margin-bottom:0pt;\"><span style=\"font-size: 13.3333px; font-family: Arial; background-color: rgb(255, 255, 255); vertical-align: baseline; white-space: pre-wrap;\">In addition, please upload the following tax specific items to ensure we’ll be able to easily prepare your year-end tax package:</span></p><div dir=\"ltr\" style=\"line-height:1.656;margin-top:0pt;margin-bottom:0pt;\"><br></div><ul style=\"margin-top:0pt;margin-bottom:0pt;\"><li dir=\"ltr\" style=\"list-style-type: disc; font-size: 14.6667px; font-family: Arial; background-color: rgb(255, 255, 255); vertical-align: baseline;\"><p dir=\"ltr\" style=\"line-height:1.38;margin-top:0pt;margin-bottom:0pt;\"><span style=\"font-size: 13.3333px; vertical-align: baseline; white-space: pre-wrap;\">Insert tax specific documents from list above</span></p></li></ul><div dir=\"ltr\" style=\"line-height:1.38;margin-top:0pt;margin-bottom:0pt;\"><br></div><p dir=\"ltr\" style=\"line-height:1.38;margin-top:0pt;margin-bottom:0pt;\"><span style=\"font-size: 13.3333px; font-family: Arial; background-color: rgb(255, 255, 255); vertical-align: baseline; white-space: pre-wrap;\">You can upload any documents here: </span><span style=\"font-size: 13.3333px; font-family: Arial; color: rgb(255, 0, 0); background-color: rgb(255, 255, 255); vertical-align: baseline; white-space: pre-wrap;\">[Upload Link]</span></p><div dir=\"ltr\" style=\"line-height:1.656;margin-top:0pt;margin-bottom:0pt;\"><br></div><p dir=\"ltr\" style=\"line-height:1.656;margin-top:0pt;margin-bottom:0pt;\"><span style=\"font-size: 13.3333px; font-family: Arial; color: rgb(34, 34, 34); background-color: rgb(255, 255, 255); vertical-align: baseline; white-space: pre-wrap;\">We can always set up a time to go over the outstanding items on the phone if you’d like. I'd be happy to walk you through the last few months of bookkeeping and answer any questions that you may have. My Calendly link is: </span><span style=\"font-size: 13.3333px; font-family: Arial; color: rgb(255, 0, 0); background-color: rgb(255, 255, 255); vertical-align: baseline; white-space: pre-wrap;\">[Calendly Link]</span></p><div dir=\"ltr\" style=\"line-height:1.656;margin-top:0pt;margin-bottom:0pt;\"><br></div><span style=\"font-size: 13.3333px; font-family: Arial; color: rgb(34, 34, 34); background-color: rgb(255, 255, 255); vertical-align: baseline; white-space: pre-wrap;\">Looking forward to speaking to you soon!</span></span> ",
  "#mtax1.2": "<span id=\"docs-internal-guid-8408253a-8dbf-f78a-d81d-b8942a1a71fc\"><p dir=\"ltr\" style=\"line-height:1.38;margin-top:0pt;margin-bottom:0pt;\"><span style=\"font-size: 13.3333px; font-family: Arial; vertical-align: baseline; white-space: pre-wrap;\">Hi </span><span style=\"font-size: 13.3333px; font-family: Arial; color: rgb(255, 0, 0); vertical-align: baseline; white-space: pre-wrap;\">[Client Name]</span><span style=\"font-size: 13.3333px; font-family: Arial; vertical-align: baseline; white-space: pre-wrap;\">,</span></p><div dir=\"ltr\" style=\"line-height:1.38;margin-top:0pt;margin-bottom:0pt;\"><br></div><p dir=\"ltr\" style=\"line-height:1.38;margin-top:0pt;margin-bottom:0pt;\"><a href=\"https://bench.happyfox.com/kb/article/375-keep-up-messaging-templates\" style=\"text-decoration:none;\"><span style=\"font-size: 13.3333px; font-family: Arial; color: rgb(17, 85, 204); text-decoration: underline; vertical-align: baseline; white-space: pre-wrap;\">[Regular TP - Templates found here]</span></a></p><div dir=\"ltr\" style=\"line-height:1.38;margin-top:0pt;margin-bottom:0pt;\"><br></div><p dir=\"ltr\" style=\"line-height:1.38;margin-top:0pt;margin-bottom:0pt;\"><span style=\"font-size: 13.3333px; font-family: Arial; vertical-align: baseline; white-space: pre-wrap;\">As we are almost at the end of 2016, with tax filings just a few months away, we’d also like to gather some tax specific documents to help prep your books:</span></p><div dir=\"ltr\" style=\"line-height:1.38;margin-top:0pt;margin-bottom:0pt;\"><br></div><ul style=\"margin-top:0pt;margin-bottom:0pt;\"><li dir=\"ltr\" style=\"list-style-type: disc; font-size: 14.6667px; font-family: Arial; background-color: rgb(255, 255, 255); vertical-align: baseline;\"><p dir=\"ltr\" style=\"line-height:1.38;margin-top:0pt;margin-bottom:0pt;\"><span style=\"font-size: 13.3333px; vertical-align: baseline; white-space: pre-wrap;\">Insert tax specific documents from list above</span></p></li></ul><div dir=\"ltr\" style=\"line-height:1.38;margin-top:0pt;margin-bottom:0pt;\"><br></div><p dir=\"ltr\" style=\"line-height:1.38;margin-top:0pt;margin-bottom:0pt;\"><span style=\"font-size: 13.3333px; font-family: Arial; vertical-align: baseline; white-space: pre-wrap;\">You can upload these to your account here: </span><span style=\"font-size: 13.3333px; font-family: Arial; color: rgb(255, 0, 0); vertical-align: baseline; white-space: pre-wrap;\">[Upload Link]</span></p><div dir=\"ltr\" style=\"line-height:1.38;margin-top:0pt;margin-bottom:0pt;\"><br></div><p dir=\"ltr\" style=\"line-height:1.38;margin-top:0pt;margin-bottom:0pt;\"><span style=\"font-size: 13.3333px; font-family: Arial; vertical-align: baseline; white-space: pre-wrap;\">If you’d like to set up a call to review your books or ask any questions about preparing for tax season, please don’t hesitate to book in time on my calendar: </span><span style=\"font-size: 13.3333px; font-family: Arial; color: rgb(255, 0, 0); vertical-align: baseline; white-space: pre-wrap;\">[Calendly Link]</span></p><div dir=\"ltr\" style=\"line-height:1.38;margin-top:0pt;margin-bottom:0pt;\"><br></div><span style=\"font-size: 13.3333px; font-family: Arial; color: rgb(34, 34, 34); background-color: rgb(255, 255, 255); vertical-align: baseline; white-space: pre-wrap;\">Looking forward to speaking to you soon!</span></span>",
  "#help": "All commands begin with # and are followed by a description of the message. Try typing #cal or #e to see what happens. If it doesn't show your calendar and email, find the shortcut below, edit, and save it. Then try again.",
  "#payroll": "Monthly Payroll Adjustment | %d(Y.)",
  "#shopify": "Monthly Shopify Adjustment | %d(Y.)",
  "#square": "Monthly Square Adjustment | %d(Y.)",
  "#stripe": "Monthly Stripe Adjustment | %d(Y.)",
  "#tp1.3": "Hope you’re having a great week! As it's the beginning of the month, we're about to get started on your MONTH books. Could you please upload the following:\n\nBank - Account Type (Account #) - Month Year\nVendor - Report Type - Month Year\n\nHere's the link: https://app.bench.co/document/documents/uploads\n\nThanks for your help!",
  "#tp1.4": "I hope you're doing well! We're working on your MONTH books and need a few additional documents. Could you please upload the following:\n\nBank - Account Type (Account #) - Month Year\nVendor - Report Type - Month Year\n\nYou can upload these documents here: https://app.bench.co/document/documents/uploads\n\nHave a great day!",
  "#tp1.1": "We’ve begun reconciling your books now that your statements are becoming available.\n\nAs soon as the bookkeeping is complete we’ll let you know that they’re ready for your review. Until then, please let us know if you have any questions.\n\nThanks!",
  "#tp1.2": "I hope you're having a good week! Your books are underway for MONTH. As always, if you have any questions, please don't hesitate to reach out.\n\nCheers!",
  "#tp2.1": "Your books are now reconciled for MONTH. There are a few expenses we need your help categorizing in order to complete your bookkeeping. Can you please leave a comment on each transaction letting us know what they were for?\n\n- Awaiting Category Expense: https://app.bench.co/reports/awaiting-category/expense\n- Awaiting Category Revenue: https://app.bench.co/reports/awaiting-category/revenue\n\nThanks!",
  "#tp2.2": "Your books are nearly complete through the month of MONTH. In order to wrap up the bookkeeping, we need your assistance on the following items:\n\nPlease leave a comment on the following transactions to let us know what they were for:\n\nAwaiting Category Expense: https://app.bench.co/reports/awaiting-category/expense\n\nPlease upload the following documents: \n\nBank - Account Type (Account #) - Month Year\nVendor - Report Type - Month Year\n\nHere is a link to your uploads page: https://app.bench.co/documents/uploads\n\nAs always, if you have any questions, feel free to reach out either through the app or by booking a time to chat here: CAL",
  "#tp3.1": "Happy Monday! MONTH’s books are now complete. I’ve scheduled a Review Call with you on DATETIME to walk you through MONTH’s bookkeeping and to ensure we’re doing everything we can to take bookkeeping off your plate. If you’re busy at the time I’ve scheduled, don’t worry - here’s my calendar link for you to re-schedule: CALENDLY\n\nI’m looking forward to chatting with you!",
  "#tp3.2": "Thanks for commenting on those Awaiting Category Expenses! We’ve categorized them accordingly. With that, your books are now complete for MONTH.\n\nIf you have any questions or would like to review the books together, please don’t hesitate to reach out.",
  "#un3": "Hope all is well! In order to help keep your bookkeeping up to date, I’ve scheduled a quick 15-minute call with you on DATETTIME. During this call, we’ll work together to clear out the last few items we need your assistance with.\n\nPlease leave a comment next to these transactions describing them each in a little detail: \n\nAwaiting Category Expense: https://app.bench.co/reports/awaiting-category/expense\n\nPlease upload the following documents:\n\nBank - Account Type - Account # - Month Year\n\nVendor - Report Type - Month Year\n\nHere is a link to your uploads page: https://app.bench.co/documents/uploads\n\nThanks!",
  "#un4ace": "We haven’t heard from you in a while! This is a reminder that we still need a few outstanding items for us to be able to continue working on your books. When you have a moment, can you please help us with the following:Can you provide us with some additional details on the following transactions?\n\nAwaiting Category - Expense: https://app.bench.co/reports/awaiting-category/expense\n\nIf you would like to go over these items over the phone together, feel free to schedule a call through my calendar.\n\nThank you, CLIENTNAME!",
  "#un4docace": "We haven’t heard from you in a while! This is a reminder that we still need a few outstanding items for us to be able to continue working on your books. When you have a moment, can you please help us with the following:Can you provide us with some additional details on the following transactions?\n\nAwaiting Category - Expense: https://app.bench.co/reports/awaiting-category/expense\n\nWe also require the following documents:\n\nBank - Account Type - Account # - Month Year\n\nVendor - Report Type - Month Year\n\nPlease upload the documents here: https://app.bench.co/documents/uploads\n\nIf you would like to go over these items over the phone together, feel free to schedule a call through my calendar.\n\nThank you, CLIENTNAME!",
  "#un5": "Not yet",
  "#un6": "Not yet",
  "#upload": "https://app.bench.co/document/documents/uploads"
}